36244344,http://imdb.org/cast_info#movie_id
135086,http://imdb.org/complete_cast#status_id
3231581,http://imdb.org/name__t#surname_pcode
29997,http://imdb.org/movie_link#link_type_id
2609129,http://imdb.org/movie_companies#company_id
2609129,http://imdb.org/movie_companies#company_type_id
2609129,http://imdb.org/movie_companies#movie_id
1367220,http://imdb.org/movie_keyword#movie_link#movie_id#linked_movie_id
272160362,http://imdb.org/cast_info#person_info#person_id#person_id
234997,http://imdb.org/company_name#name
361472,http://imdb.org/aka_title#kind_id
356278,http://imdb.org/aka_title#phonetic_code
17,http://imdb.org/aka_name#imdb_index
2963664,http://imdb.org/person_info#person_id
5212164,http://imdb.org/cast_info#complete_cast#movie_id#movie_id
348413,http://imdb.org/movie_companies#movie_link#movie_id#linked_movie_id
4523930,http://imdb.org/movie_keyword#keyword_id
4167491,http://imdb.org/name__t#md5sum
4167491,http://imdb.org/name__t#name
1436974,http://imdb.org/movie_info#note
136427,http://imdb.org/aka_title#complete_cast#movie_id#movie_id
2980,http://imdb.org/aka_title#imdb_index
901343,http://imdb.org/aka_name#md5sum
12261372,http://imdb.org/aka_title#cast_info#movie_id#movie_id
34863638,http://imdb.org/movie_companies#movie_keyword#movie_id#movie_id
58050,http://imdb.org/aka_title#movie_link#movie_id#linked_movie_id
883209,http://imdb.org/movie_info#movie_link#movie_id#movie_id
4067688,http://imdb.org/name__t#name_pcode_nf
29997,http://imdb.org/movie_link#linked_movie_id
26270,http://imdb.org/title_t#imdb_index
18860,http://imdb.org/complete_cast#movie_link#movie_id#linked_movie_id
2876,http://imdb.org/aka_title#episode_of_id
1845530,http://imdb.org/cast_info#movie_link#movie_id#linked_movie_id
113,http://imdb.org/info_type#info
786349,http://imdb.org/aka_title#movie_info_idx#movie_id#movie_id
612638,http://imdb.org/complete_cast#movie_companies#movie_id#movie_id
67371414,http://imdb.org/movie_companies#movie_info#movie_id#movie_id
62670,http://imdb.org/movie_info_idx#movie_link#movie_id#movie_id
11384956,http://imdb.org/aka_title#movie_info#movie_id#movie_id
134132,http://imdb.org/keyword#phonetic_code
2593,http://imdb.org/aka_title#episode_nr
361472,http://imdb.org/aka_title#title
1380035,http://imdb.org/movie_info_idx#info_type_id
12,http://imdb.org/role_type#role
3688793,http://imdb.org/complete_cast#movie_info#movie_id#movie_id
3140339,http://imdb.org/char_name#md5sum
1946785,http://imdb.org/aka_title#movie_companies#movie_id#movie_id
18,http://imdb.org/link_type#link
2963664,http://imdb.org/person_info#info_type_id
901343,http://imdb.org/aka_name#person_id
286599,http://imdb.org/complete_cast#movie_info_idx#movie_id#movie_id
288192,http://imdb.org/movie_keyword#movie_link#movie_id#movie_id
3915274,http://imdb.org/movie_info#movie_link#movie_id#linked_movie_id
10784581,http://imdb.org/cast_info#nr_order
80274241,http://imdb.org/cast_info#movie_companies#movie_id#movie_id
361472,http://imdb.org/aka_title#md5sum
1810013,http://imdb.org/title_t#phonetic_code
2456218,http://imdb.org/title_t#production_year
235420417,http://imdb.org/movie_info#movie_keyword#movie_id#movie_id
4536141,http://imdb.org/aka_name#person_info#person_id#person_id
4073078,http://imdb.org/movie_companies#movie_info_idx#movie_id#movie_id
7,http://imdb.org/kind_type#kind
889029,http://imdb.org/name__t#imdb_index
4167484,http://imdb.org/name__t#name_pcode_cf
4849,http://imdb.org/complete_cast#movie_link#movie_id#movie_id
234997,http://imdb.org/company_name#md5sum
358440,http://imdb.org/aka_title#production_year
1380035,http://imdb.org/movie_info_idx#movie_id
2528312,http://imdb.org/title_t#title
20885030,http://imdb.org/movie_info#movie_info_idx#movie_id#movie_id
74190187,http://www.w3.org/1999/02/22-rdf-syntax-ns#type
4523930,http://imdb.org/movie_keyword#movie_id
14835720,http://imdb.org/movie_info#info_type_id
361472,http://imdb.org/aka_title#movie_id
1543264,http://imdb.org/title_t#episode_of_id
10424626,http://imdb.org/movie_info_idx#movie_keyword#movie_id#movie_id
3140339,http://imdb.org/char_name#name
621097,http://imdb.org/aka_name#surname_pcode
36417493,http://imdb.org/aka_name#cast_info#person_id#person_id
6547327,http://imdb.org/aka_title#movie_keyword#movie_id#movie_id
36244344,http://imdb.org/cast_info#person_id
4,http://imdb.org/comp_cast_type#kind
1337140,http://imdb.org/movie_companies#note
234961,http://imdb.org/company_name#name_pcode_nf
2171367,http://imdb.org/complete_cast#movie_keyword#movie_id#movie_id
134170,http://imdb.org/keyword#keyword
1380035,http://imdb.org/movie_info_idx#info
4,http://imdb.org/company_type#kind
1103803,http://imdb.org/title_t#season_nr
901234,http://imdb.org/aka_name#name_pcode_cf
17571519,http://imdb.org/cast_info#person_role_id
14835720,http://imdb.org/movie_info#info
14835720,http://imdb.org/movie_info#movie_id
211073,http://imdb.org/company_name#name_pcode_sf
1013856,http://imdb.org/cast_info#movie_link#movie_id#movie_id
2669659,http://imdb.org/char_name#surname_pcode
84183,http://imdb.org/person_info#note
2963664,http://imdb.org/person_info#info
792075,http://imdb.org/aka_name#name_pcode_nf
460456073,http://imdb.org/cast_info#movie_info#movie_id#movie_id
135086,http://imdb.org/complete_cast#movie_id
2617,http://imdb.org/aka_title#season_nr
1102414,http://imdb.org/title_t#episode_nr
2528312,http://imdb.org/title_t#kind_id
40911741,http://imdb.org/cast_info#movie_info_idx#movie_id#movie_id
3139851,http://imdb.org/char_name#name_pcode_nf
78465,http://imdb.org/movie_info_idx#movie_link#movie_id#linked_movie_id
96108,http://imdb.org/movie_link#movie_link#linked_movie_id#movie_id
25096,http://imdb.org/aka_title#movie_link#movie_id#movie_id
215765477,http://imdb.org/cast_info#movie_keyword#movie_id#movie_id
36244344,http://imdb.org/cast_info#role_id
14237092,http://imdb.org/cast_info#note
135086,http://imdb.org/complete_cast#subject_id
2701134,http://imdb.org/name__t#gender
29997,http://imdb.org/movie_link#movie_id
211073,http://imdb.org/company_name#country_code
333504,http://imdb.org/aka_title#note
2528312,http://imdb.org/title_t#md5sum
90875,http://imdb.org/title_t#series_years
28,http://imdb.org/char_name#imdb_index
901343,http://imdb.org/aka_name#name
148115,http://imdb.org/movie_companies#movie_link#movie_id#movie_id
