1476553,http://imdb.org/complete_cast#movie_keyword#movie_id#movie_id
2331601,http://imdb.org/cast_info#movie_id
2519161,http://imdb.org/cast_info#movie_companies#movie_id#movie_id
4521165,http://imdb.org/movie_info#movie_keyword#movie_id#movie_id
3140339,http://imdb.org/char_name#md5sum
16,http://imdb.org/movie_link#link_type_id
4462776,http://imdb.org/cast_info#movie_keyword#movie_id#movie_id
14094,http://imdb.org/movie_link#movie_link#linked_movie_id#movie_id
476794,http://imdb.org/movie_keyword#movie_id
22017,http://imdb.org/aka_name#name_pcode_cf
2468825,http://imdb.org/movie_info#movie_id
1925067,http://imdb.org/person_info#info
550721,http://imdb.org/person_info#person_id
4312,http://imdb.org/aka_name#surname_pcode
2,http://imdb.org/movie_companies#company_type_id
3139743,http://imdb.org/char_name#name
20013,http://imdb.org/aka_title#phonetic_code
346289,http://imdb.org/aka_title#md5sum
40,http://imdb.org/aka_title#season_nr
2497686,http://imdb.org/complete_cast#movie_info#movie_id#movie_id
781382,http://imdb.org/aka_title#movie_companies#movie_id#movie_id
4,http://imdb.org/company_type#kind
6,http://imdb.org/title_t#kind_id
23259,http://imdb.org/title_t#phonetic_code
1357004,http://imdb.org/cast_info#movie_info_idx#movie_id#movie_id
16282746,http://imdb.org/aka_name#cast_info#person_id#person_id
1379768,http://imdb.org/movie_info#movie_info_idx#movie_id#movie_id
234997,http://imdb.org/movie_companies#company_id
5475454,http://imdb.org/aka_title#cast_info#movie_id#movie_id
193884,http://imdb.org/complete_cast#movie_info_idx#movie_id#movie_id
25564,http://imdb.org/movie_info_idx#movie_link#movie_id#linked_movie_id
22,http://imdb.org/person_info#info_type_id
16760,http://imdb.org/movie_keyword#movie_link#movie_id#movie_id
205630,http://imdb.org/aka_title#movie_id
15481,http://imdb.org/keyword#phonetic_code
16169,http://imdb.org/movie_link#linked_movie_id
1087236,http://imdb.org/movie_companies#movie_id
128,http://imdb.org/aka_title#production_year
49991,http://imdb.org/person_info#note
66450,http://imdb.org/movie_companies#note
3360,http://imdb.org/aka_title#note
3140339,http://imdb.org/cast_info#person_role_id
715571,http://imdb.org/cast_info#note
29173,http://imdb.org/cast_info#movie_link#movie_id#linked_movie_id
14274692,http://imdb.org/cast_info#movie_info#movie_id#movie_id
14906,http://imdb.org/title_t#episode_nr
146245,http://imdb.org/movie_info_idx#info
28978,http://imdb.org/cast_info#movie_link#movie_id#movie_id
4049305,http://imdb.org/movie_companies#movie_keyword#movie_id#movie_id
2881446,http://imdb.org/cast_info#person_info#person_id#person_id
51481,http://imdb.org/title_t#episode_of_id
12,http://imdb.org/role_type#role
3461792,http://imdb.org/movie_info_idx#movie_keyword#movie_id#movie_id
1094,http://imdb.org/cast_info#nr_order
1971182,http://imdb.org/aka_name#person_info#person_id#person_id
4051810,http://imdb.org/cast_info#person_id
234997,http://imdb.org/company_name#md5sum
459925,http://imdb.org/movie_info_idx#movie_id
18486,http://imdb.org/company_name#name_pcode_nf
5,http://imdb.org/aka_name#imdb_index
23261,http://imdb.org/name__t#name_pcode_nf
179,http://imdb.org/name__t#imdb_index
26202,http://imdb.org/movie_companies#movie_link#movie_id#linked_movie_id
5,http://imdb.org/movie_info_idx#info_type_id
21,http://www.w3.org/1999/02/22-rdf-syntax-ns#type
134170,http://imdb.org/movie_keyword#keyword_id
6411,http://imdb.org/movie_link#movie_id
224385,http://imdb.org/company_name#name
2,http://imdb.org/complete_cast#status_id
215,http://imdb.org/company_name#country_code
414700,http://imdb.org/complete_cast#movie_companies#movie_id#movie_id
2,http://imdb.org/complete_cast#subject_id
4167491,http://imdb.org/name__t#md5sum
29951,http://imdb.org/movie_info#movie_link#movie_id#movie_id
1483632,http://imdb.org/title_t#title
132,http://imdb.org/title_t#production_year
3587400,http://imdb.org/name__t#name
2,http://imdb.org/name__t#gender
313624,http://imdb.org/aka_title#title
93514,http://imdb.org/complete_cast#movie_id
96,http://imdb.org/title_t#season_nr
21138,http://imdb.org/aka_name#name_pcode_nf
21535,http://imdb.org/movie_companies#movie_link#movie_id#movie_id
12,http://imdb.org/aka_title#imdb_index
6,http://imdb.org/char_name#imdb_index
1407,http://imdb.org/title_t#series_years
2528312,http://imdb.org/title_t#md5sum
113,http://imdb.org/info_type#info
810625,http://imdb.org/aka_name#md5sum
134170,http://imdb.org/keyword#keyword
2288911,http://imdb.org/aka_title#movie_keyword#movie_id#movie_id
24,http://imdb.org/title_t#imdb_index
132159,http://imdb.org/cast_info#complete_cast#movie_id#movie_id
23053,http://imdb.org/movie_keyword#movie_link#movie_id#linked_movie_id
7,http://imdb.org/kind_type#kind
18,http://imdb.org/link_type#link
1113059,http://imdb.org/movie_companies#movie_info_idx#movie_id#movie_id
162,http://imdb.org/aka_title#episode_nr
20890,http://imdb.org/movie_info_idx#movie_link#movie_id#movie_id
4260981,http://imdb.org/aka_title#movie_info#movie_id#movie_id
11357403,http://imdb.org/movie_companies#movie_info#movie_id#movie_id
23603,http://imdb.org/name__t#name_pcode_cf
15906,http://imdb.org/aka_title#movie_link#movie_id#linked_movie_id
754,http://imdb.org/aka_title#episode_of_id
6,http://imdb.org/aka_title#kind_id
8292,http://imdb.org/aka_title#movie_link#movie_id#movie_id
11,http://imdb.org/cast_info#role_id
17446,http://imdb.org/company_name#name_pcode_sf
379625,http://imdb.org/aka_title#movie_info_idx#movie_id#movie_id
133610,http://imdb.org/movie_info#note
71,http://imdb.org/movie_info#info_type_id
4091,http://imdb.org/complete_cast#movie_link#movie_id#movie_id
12446,http://imdb.org/complete_cast#movie_link#movie_id#linked_movie_id
46995,http://imdb.org/aka_title#complete_cast#movie_id#movie_id
4,http://imdb.org/comp_cast_type#kind
29989,http://imdb.org/movie_info#movie_link#movie_id#linked_movie_id
2720930,http://imdb.org/movie_info#info
810620,http://imdb.org/aka_name#name
588222,http://imdb.org/aka_name#person_id
17198,http://imdb.org/char_name#surname_pcode
4671,http://imdb.org/name__t#surname_pcode
23076,http://imdb.org/char_name#name_pcode_nf
